0,0,15,0.0008,0.9908725267952201
0,0,15,0.0008,0.9908725267952201
1,0,15,0.0008,0.0048438444644977735
2,0,15,0.0008,-0.0014854040540470126
3,0,15,0.0008,-0.0053930905687258335
0,0,15,0.0008,0.9908725267952201
0,1,15,0.0008,0.003890841728749664
0,1,15,0.0008,0.003890841728749664
1,1,15,0.0008,0.9938236933694422
2,1,15,0.0008,-0.0027565968974713473
3,1,15,0.0008,-0.0002708149903818541
0,1,15,0.0008,0.003890841728749664
0,2,15,0.0008,-0.0019330100362968672
0,2,15,0.0008,-0.0019330100362968672
1,2,15,0.0008,-0.004465904086956962
2,2,15,0.0008,0.9886254792027873
3,2,15,0.0008,0.003971493279581614
0,2,15,0.0008,-0.0019330100362968672
0,3,15,0.0008,-0.007352626570518418
0,3,15,0.0008,-0.007352626570518418
1,3,15,0.0008,-0.00045964667233229506
2,3,15,0.0008,0.004160726065816633
3,3,15,0.0008,0.9812158332520233
0,3,15,0.0008,-0.007352626570518418
1,0,15,0.0008,0.0048438444644977735
0,0,15,0.0008,0.9908725267952201
1,0,15,0.0008,0.0048438444644977735
2,0,15,0.0008,-0.0014854040540470126
3,0,15,0.0008,-0.0053930905687258335
1,0,15,0.0008,0.0048438444644977735
1,1,15,0.0008,0.9938236933694422
0,1,15,0.0008,0.003890841728749664
1,1,15,0.0008,0.9938236933694422
2,1,15,0.0008,-0.0027565968974713473
3,1,15,0.0008,-0.0002708149903818541
1,1,15,0.0008,0.9938236933694422
1,2,15,0.0008,-0.004465904086956962
0,2,15,0.0008,-0.0019330100362968672
1,2,15,0.0008,-0.004465904086956962
2,2,15,0.0008,0.9886254792027873
3,2,15,0.0008,0.003971493279581614
1,2,15,0.0008,-0.004465904086956962
1,3,15,0.0008,-0.00045964667233229506
0,3,15,0.0008,-0.007352626570518418
1,3,15,0.0008,-0.00045964667233229506
2,3,15,0.0008,0.004160726065816633
3,3,15,0.0008,0.9812158332520233
1,3,15,0.0008,-0.00045964667233229506
2,0,15,0.0008,-0.0014854040540470126
0,0,15,0.0008,0.9908725267952201
1,0,15,0.0008,0.0048438444644977735
2,0,15,0.0008,-0.0014854040540470126
3,0,15,0.0008,-0.0053930905687258335
2,0,15,0.0008,-0.0014854040540470126
2,1,15,0.0008,-0.0027565968974713473
0,1,15,0.0008,0.003890841728749664
1,1,15,0.0008,0.9938236933694422
2,1,15,0.0008,-0.0027565968974713473
3,1,15,0.0008,-0.0002708149903818541
2,1,15,0.0008,-0.0027565968974713473
2,2,15,0.0008,0.9886254792027873
0,2,15,0.0008,-0.0019330100362968672
1,2,15,0.0008,-0.004465904086956962
2,2,15,0.0008,0.9886254792027873
3,2,15,0.0008,0.003971493279581614
2,2,15,0.0008,0.9886254792027873
2,3,15,0.0008,0.004160726065816633
0,3,15,0.0008,-0.007352626570518418
1,3,15,0.0008,-0.00045964667233229506
2,3,15,0.0008,0.004160726065816633
3,3,15,0.0008,0.9812158332520233
2,3,15,0.0008,0.004160726065816633
3,0,15,0.0008,-0.0053930905687258335
0,0,15,0.0008,0.9908725267952201
1,0,15,0.0008,0.0048438444644977735
2,0,15,0.0008,-0.0014854040540470126
3,0,15,0.0008,-0.0053930905687258335
3,0,15,0.0008,-0.0053930905687258335
3,1,15,0.0008,-0.0002708149903818541
0,1,15,0.0008,0.003890841728749664
1,1,15,0.0008,0.9938236933694422
2,1,15,0.0008,-0.0027565968974713473
3,1,15,0.0008,-0.0002708149903818541
3,1,15,0.0008,-0.0002708149903818541
3,2,15,0.0008,0.003971493279581614
0,2,15,0.0008,-0.0019330100362968672
1,2,15,0.0008,-0.004465904086956962
2,2,15,0.0008,0.9886254792027873
3,2,15,0.0008,0.003971493279581614
3,2,15,0.0008,0.003971493279581614
3,3,15,0.0008,0.9812158332520233
0,3,15,0.0008,-0.007352626570518418
1,3,15,0.0008,-0.00045964667233229506
2,3,15,0.0008,0.004160726065816633
3,3,15,0.0008,0.9812158332520233
3,3,15,0.0008,0.9812158332520233
0,0,15.0,0.0008,0.9908725267952201
0,0,15.0,0.0008,0.9908725267952201
1,0,15.0,0.0008,0.0048438444644977735
2,0,15.0,0.0008,-0.0014854040540470126
3,0,15.0,0.0008,-0.0053930905687258335
0,0,15.0,0.0008,0.9908725267952201
0,1,15.0,0.0008,0.003890841728749664
0,1,15.0,0.0008,0.003890841728749664
1,1,15.0,0.0008,0.9938236933694422
2,1,15.0,0.0008,-0.0027565968974713473
3,1,15.0,0.0008,-0.0002708149903818541
0,1,15.0,0.0008,0.003890841728749664
0,2,15.0,0.0008,-0.0019330100362968672
0,2,15.0,0.0008,-0.0019330100362968672
1,2,15.0,0.0008,-0.004465904086956962
2,2,15.0,0.0008,0.9886254792027873
3,2,15.0,0.0008,0.003971493279581614
0,2,15.0,0.0008,-0.0019330100362968672
0,3,15.0,0.0008,-0.007352626570518418
0,3,15.0,0.0008,-0.007352626570518418
1,3,15.0,0.0008,-0.00045964667233229506
2,3,15.0,0.0008,0.004160726065816633
3,3,15.0,0.0008,0.9812158332520233
0,3,15.0,0.0008,-0.007352626570518418
1,0,15.0,0.0008,0.0048438444644977735
0,0,15.0,0.0008,0.9908725267952201
1,0,15.0,0.0008,0.0048438444644977735
2,0,15.0,0.0008,-0.0014854040540470126
3,0,15.0,0.0008,-0.0053930905687258335
1,0,15.0,0.0008,0.0048438444644977735
1,1,15.0,0.0008,0.9938236933694422
0,1,15.0,0.0008,0.003890841728749664
1,1,15.0,0.0008,0.9938236933694422
2,1,15.0,0.0008,-0.0027565968974713473
3,1,15.0,0.0008,-0.0002708149903818541
1,1,15.0,0.0008,0.9938236933694422
1,2,15.0,0.0008,-0.004465904086956962
0,2,15.0,0.0008,-0.0019330100362968672
1,2,15.0,0.0008,-0.004465904086956962
2,2,15.0,0.0008,0.9886254792027873
3,2,15.0,0.0008,0.003971493279581614
1,2,15.0,0.0008,-0.004465904086956962
1,3,15.0,0.0008,-0.00045964667233229506
0,3,15.0,0.0008,-0.007352626570518418
1,3,15.0,0.0008,-0.00045964667233229506
2,3,15.0,0.0008,0.004160726065816633
3,3,15.0,0.0008,0.9812158332520233
1,3,15.0,0.0008,-0.00045964667233229506
2,0,15.0,0.0008,-0.0014854040540470126
0,0,15.0,0.0008,0.9908725267952201
1,0,15.0,0.0008,0.0048438444644977735
2,0,15.0,0.0008,-0.0014854040540470126
3,0,15.0,0.0008,-0.0053930905687258335
2,0,15.0,0.0008,-0.0014854040540470126
2,1,15.0,0.0008,-0.0027565968974713473
0,1,15.0,0.0008,0.003890841728749664
1,1,15.0,0.0008,0.9938236933694422
2,1,15.0,0.0008,-0.0027565968974713473
3,1,15.0,0.0008,-0.0002708149903818541
2,1,15.0,0.0008,-0.0027565968974713473
2,2,15.0,0.0008,0.9886254792027873
0,2,15.0,0.0008,-0.0019330100362968672
1,2,15.0,0.0008,-0.004465904086956962
2,2,15.0,0.0008,0.9886254792027873
3,2,15.0,0.0008,0.003971493279581614
2,2,15.0,0.0008,0.9886254792027873
2,3,15.0,0.0008,0.004160726065816633
0,3,15.0,0.0008,-0.007352626570518418
1,3,15.0,0.0008,-0.00045964667233229506
2,3,15.0,0.0008,0.004160726065816633
3,3,15.0,0.0008,0.9812158332520233
2,3,15.0,0.0008,0.004160726065816633
3,0,15.0,0.0008,-0.0053930905687258335
0,0,15.0,0.0008,0.9908725267952201
1,0,15.0,0.0008,0.0048438444644977735
2,0,15.0,0.0008,-0.0014854040540470126
3,0,15.0,0.0008,-0.0053930905687258335
3,0,15.0,0.0008,-0.0053930905687258335
3,1,15.0,0.0008,-0.0002708149903818541
0,1,15.0,0.0008,0.003890841728749664
1,1,15.0,0.0008,0.9938236933694422
2,1,15.0,0.0008,-0.0027565968974713473
3,1,15.0,0.0008,-0.0002708149903818541
3,1,15.0,0.0008,-0.0002708149903818541
3,2,15.0,0.0008,0.003971493279581614
0,2,15.0,0.0008,-0.0019330100362968672
1,2,15.0,0.0008,-0.004465904086956962
2,2,15.0,0.0008,0.9886254792027873
3,2,15.0,0.0008,0.003971493279581614
3,2,15.0,0.0008,0.003971493279581614
3,3,15.0,0.0008,0.9812158332520233
0,3,15.0,0.0008,-0.007352626570518418
1,3,15.0,0.0008,-0.00045964667233229506
2,3,15.0,0.0008,0.004160726065816633
3,3,15.0,0.0008,0.9812158332520233
3,3,15.0,0.0008,0.9812158332520233
0,0,15.0,0.0008,0.9908725267952201
0,0,15.0,0.0008,0.9908725267952201
1,0,15.0,0.0008,0.0048438444644977735
2,0,15.0,0.0008,-0.0014854040540470126
3,0,15.0,0.0008,-0.0053930905687258335
0,0,15.0,0.0008,0.9908725267952201
0,1,15.0,0.0008,0.003890841728749664
0,1,15.0,0.0008,0.003890841728749664
1,1,15.0,0.0008,0.9938236933694422
2,1,15.0,0.0008,-0.0027565968974713473
3,1,15.0,0.0008,-0.0002708149903818541
0,1,15.0,0.0008,0.003890841728749664
0,2,15.0,0.0008,-0.0019330100362968672
0,2,15.0,0.0008,-0.0019330100362968672
1,2,15.0,0.0008,-0.004465904086956962
2,2,15.0,0.0008,0.9886254792027873
3,2,15.0,0.0008,0.003971493279581614
0,2,15.0,0.0008,-0.0019330100362968672
0,3,15.0,0.0008,-0.007352626570518418
0,3,15.0,0.0008,-0.007352626570518418
1,3,15.0,0.0008,-0.00045964667233229506
2,3,15.0,0.0008,0.004160726065816633
3,3,15.0,0.0008,0.9812158332520233
0,3,15.0,0.0008,-0.007352626570518418
1,0,15.0,0.0008,0.0048438444644977735
0,0,15.0,0.0008,0.9908725267952201
1,0,15.0,0.0008,0.0048438444644977735
2,0,15.0,0.0008,-0.0014854040540470126
3,0,15.0,0.0008,-0.0053930905687258335
1,0,15.0,0.0008,0.0048438444644977735
1,1,15.0,0.0008,0.9938236933694422
0,1,15.0,0.0008,0.003890841728749664
1,1,15.0,0.0008,0.9938236933694422
2,1,15.0,0.0008,-0.0027565968974713473
3,1,15.0,0.0008,-0.0002708149903818541
1,1,15.0,0.0008,0.9938236933694422
1,2,15.0,0.0008,-0.004465904086956962
0,2,15.0,0.0008,-0.0019330100362968672
1,2,15.0,0.0008,-0.004465904086956962
2,2,15.0,0.0008,0.9886254792027873
3,2,15.0,0.0008,0.003971493279581614
1,2,15.0,0.0008,-0.004465904086956962
1,3,15.0,0.0008,-0.00045964667233229506
0,3,15.0,0.0008,-0.007352626570518418
1,3,15.0,0.0008,-0.00045964667233229506
2,3,15.0,0.0008,0.004160726065816633
3,3,15.0,0.0008,0.9812158332520233
1,3,15.0,0.0008,-0.00045964667233229506
2,0,15.0,0.0008,-0.0014854040540470126
0,0,15.0,0.0008,0.9908725267952201
1,0,15.0,0.0008,0.0048438444644977735
2,0,15.0,0.0008,-0.0014854040540470126
3,0,15.0,0.0008,-0.0053930905687258335
2,0,15.0,0.0008,-0.0014854040540470126
2,1,15.0,0.0008,-0.0027565968974713473
0,1,15.0,0.0008,0.003890841728749664
1,1,15.0,0.0008,0.9938236933694422
2,1,15.0,0.0008,-0.0027565968974713473
3,1,15.0,0.0008,-0.0002708149903818541
2,1,15.0,0.0008,-0.0027565968974713473
2,2,15.0,0.0008,0.9886254792027873
0,2,15.0,0.0008,-0.0019330100362968672
1,2,15.0,0.0008,-0.004465904086956962
2,2,15.0,0.0008,0.9886254792027873
3,2,15.0,0.0008,0.003971493279581614
2,2,15.0,0.0008,0.9886254792027873
2,3,15.0,0.0008,0.004160726065816633
0,3,15.0,0.0008,-0.007352626570518418
1,3,15.0,0.0008,-0.00045964667233229506
2,3,15.0,0.0008,0.004160726065816633
3,3,15.0,0.0008,0.9812158332520233
2,3,15.0,0.0008,0.004160726065816633
3,0,15.0,0.0008,-0.0053930905687258335
0,0,15.0,0.0008,0.9908725267952201
1,0,15.0,0.0008,0.0048438444644977735
2,0,15.0,0.0008,-0.0014854040540470126
3,0,15.0,0.0008,-0.0053930905687258335
3,0,15.0,0.0008,-0.0053930905687258335
3,1,15.0,0.0008,-0.0002708149903818541
0,1,15.0,0.0008,0.003890841728749664
1,1,15.0,0.0008,0.9938236933694422
2,1,15.0,0.0008,-0.0027565968974713473
3,1,15.0,0.0008,-0.0002708149903818541
3,1,15.0,0.0008,-0.0002708149903818541
3,2,15.0,0.0008,0.003971493279581614
0,2,15.0,0.0008,-0.0019330100362968672
1,2,15.0,0.0008,-0.004465904086956962
2,2,15.0,0.0008,0.9886254792027873
3,2,15.0,0.0008,0.003971493279581614
3,2,15.0,0.0008,0.003971493279581614
3,3,15.0,0.0008,0.9812158332520233
0,3,15.0,0.0008,-0.007352626570518418
1,3,15.0,0.0008,-0.00045964667233229506
2,3,15.0,0.0008,0.004160726065816633
3,3,15.0,0.0008,0.9812158332520233
3,3,15.0,0.0008,0.9812158332520233
0,0,15.000000223517418,0.0008,0.9908725266602947
0,0,15.000000223517418,0.0008,0.9908725266602947
1,0,15.000000223517418,0.0008,0.004843844536189523
2,0,15.000000223517418,0.0008,-0.0014854040762225518
3,0,15.000000223517418,0.0008,-0.005393090648012605
0,0,15.000000223517418,0.0008,0.9908725266602947
0,1,15.000000223517418,0.0008,0.003890841786336488
0,1,15.000000223517418,0.0008,0.003890841786336488
1,1,15.000000223517418,0.0008,0.9938236932779275
2,1,15.000000223517418,0.0008,-0.002756596938237099
3,1,15.000000223517418,0.0008,-0.0002708149946071062
0,1,15.000000223517418,0.0008,0.003890841786336488
0,2,15.000000223517418,0.0008,-0.0019330100651547277
0,2,15.000000223517418,0.0008,-0.0019330100651547277
1,2,15.000000223517418,0.0008,-0.0044659041530006605
2,2,15.000000223517418,0.0008,0.9886254790345002
3,2,15.000000223517418,0.0008,0.003971493337949036
0,2,15.000000223517418,0.0008,-0.0019330100651547277
0,3,15.000000223517418,0.0008,-0.007352626678613403
0,3,15.000000223517418,0.0008,-0.007352626678613403
1,3,15.000000223517418,0.0008,-0.0004596466795036211
2,3,15.000000223517418,0.0008,0.004160726126965164
3,3,15.000000223517418,0.0008,0.9812158329751888
0,3,15.000000223517418,0.0008,-0.007352626678613403
1,0,15.000000223517418,0.0008,0.004843844536189523
0,0,15.000000223517418,0.0008,0.9908725266602947
1,0,15.000000223517418,0.0008,0.004843844536189523
2,0,15.000000223517418,0.0008,-0.0014854040762225518
3,0,15.000000223517418,0.0008,-0.005393090648012605
1,0,15.000000223517418,0.0008,0.004843844536189523
1,1,15.000000223517418,0.0008,0.9938236932779275
0,1,15.000000223517418,0.0008,0.003890841786336488
1,1,15.000000223517418,0.0008,0.9938236932779275
2,1,15.000000223517418,0.0008,-0.002756596938237099
3,1,15.000000223517418,0.0008,-0.0002708149946071062
1,1,15.000000223517418,0.0008,0.9938236932779275
1,2,15.000000223517418,0.0008,-0.0044659041530006605
0,2,15.000000223517418,0.0008,-0.0019330100651547277
1,2,15.000000223517418,0.0008,-0.0044659041530006605
2,2,15.000000223517418,0.0008,0.9886254790345002
3,2,15.000000223517418,0.0008,0.003971493337949036
1,2,15.000000223517418,0.0008,-0.0044659041530006605
1,3,15.000000223517418,0.0008,-0.0004596466795036211
0,3,15.000000223517418,0.0008,-0.007352626678613403
1,3,15.000000223517418,0.0008,-0.0004596466795036211
2,3,15.000000223517418,0.0008,0.004160726126965164
3,3,15.000000223517418,0.0008,0.9812158329751888
1,3,15.000000223517418,0.0008,-0.0004596466795036211
2,0,15.000000223517418,0.0008,-0.0014854040762225518
0,0,15.000000223517418,0.0008,0.9908725266602947
1,0,15.000000223517418,0.0008,0.004843844536189523
2,0,15.000000223517418,0.0008,-0.0014854040762225518
3,0,15.000000223517418,0.0008,-0.005393090648012605
2,0,15.000000223517418,0.0008,-0.0014854040762225518
2,1,15.000000223517418,0.0008,-0.002756596938237099
0,1,15.000000223517418,0.0008,0.003890841786336488
1,1,15.000000223517418,0.0008,0.9938236932779275
2,1,15.000000223517418,0.0008,-0.002756596938237099
3,1,15.000000223517418,0.0008,-0.0002708149946071062
2,1,15.000000223517418,0.0008,-0.002756596938237099
2,2,15.000000223517418,0.0008,0.9886254790345002
0,2,15.000000223517418,0.0008,-0.0019330100651547277
1,2,15.000000223517418,0.0008,-0.0044659041530006605
2,2,15.000000223517418,0.0008,0.9886254790345002
3,2,15.000000223517418,0.0008,0.003971493337949036
2,2,15.000000223517418,0.0008,0.9886254790345002
2,3,15.000000223517418,0.0008,0.004160726126965164
0,3,15.000000223517418,0.0008,-0.007352626678613403
1,3,15.000000223517418,0.0008,-0.0004596466795036211
2,3,15.000000223517418,0.0008,0.004160726126965164
3,3,15.000000223517418,0.0008,0.9812158329751888
2,3,15.000000223517418,0.0008,0.004160726126965164
3,0,15.000000223517418,0.0008,-0.005393090648012605
0,0,15.000000223517418,0.0008,0.9908725266602947
1,0,15.000000223517418,0.0008,0.004843844536189523
2,0,15.000000223517418,0.0008,-0.0014854040762225518
3,0,15.000000223517418,0.0008,-0.005393090648012605
3,0,15.000000223517418,0.0008,-0.005393090648012605
3,1,15.000000223517418,0.0008,-0.0002708149946071062
0,1,15.000000223517418,0.0008,0.003890841786336488
1,1,15.000000223517418,0.0008,0.9938236932779275
2,1,15.000000223517418,0.0008,-0.002756596938237099
3,1,15.000000223517418,0.0008,-0.0002708149946071062
3,1,15.000000223517418,0.0008,-0.0002708149946071062
3,2,15.000000223517418,0.0008,0.003971493337949036
0,2,15.000000223517418,0.0008,-0.0019330100651547277
1,2,15.000000223517418,0.0008,-0.0044659041530006605
2,2,15.000000223517418,0.0008,0.9886254790345002
3,2,15.000000223517418,0.0008,0.003971493337949036
3,2,15.000000223517418,0.0008,0.003971493337949036
3,3,15.000000223517418,0.0008,0.9812158329751888
0,3,15.000000223517418,0.0008,-0.007352626678613403
1,3,15.000000223517418,0.0008,-0.0004596466795036211
2,3,15.000000223517418,0.0008,0.004160726126965164
3,3,15.000000223517418,0.0008,0.9812158329751888
3,3,15.000000223517418,0.0008,0.9812158329751888
0,0,15.000000223517418,0.0008,0.9908725266602947
0,0,15.000000223517418,0.0008,0.9908725266602947
1,0,15.000000223517418,0.0008,0.004843844536189523
2,0,15.000000223517418,0.0008,-0.0014854040762225518
3,0,15.000000223517418,0.0008,-0.005393090648012605
0,0,15.000000223517418,0.0008,0.9908725266602947
0,1,15.000000223517418,0.0008,0.003890841786336488
0,1,15.000000223517418,0.0008,0.003890841786336488
1,1,15.000000223517418,0.0008,0.9938236932779275
2,1,15.000000223517418,0.0008,-0.002756596938237099
3,1,15.000000223517418,0.0008,-0.0002708149946071062
0,1,15.000000223517418,0.0008,0.003890841786336488
0,2,15.000000223517418,0.0008,-0.0019330100651547277
0,2,15.000000223517418,0.0008,-0.0019330100651547277
1,2,15.000000223517418,0.0008,-0.0044659041530006605
2,2,15.000000223517418,0.0008,0.9886254790345002
3,2,15.000000223517418,0.0008,0.003971493337949036
0,2,15.000000223517418,0.0008,-0.0019330100651547277
0,3,15.000000223517418,0.0008,-0.007352626678613403
0,3,15.000000223517418,0.0008,-0.007352626678613403
1,3,15.000000223517418,0.0008,-0.0004596466795036211
2,3,15.000000223517418,0.0008,0.004160726126965164
3,3,15.000000223517418,0.0008,0.9812158329751888
0,3,15.000000223517418,0.0008,-0.007352626678613403
1,0,15.000000223517418,0.0008,0.004843844536189523
0,0,15.000000223517418,0.0008,0.9908725266602947
1,0,15.000000223517418,0.0008,0.004843844536189523
2,0,15.000000223517418,0.0008,-0.0014854040762225518
3,0,15.000000223517418,0.0008,-0.005393090648012605
1,0,15.000000223517418,0.0008,0.004843844536189523
1,1,15.000000223517418,0.0008,0.9938236932779275
0,1,15.000000223517418,0.0008,0.003890841786336488
1,1,15.000000223517418,0.0008,0.9938236932779275
2,1,15.000000223517418,0.0008,-0.002756596938237099
3,1,15.000000223517418,0.0008,-0.0002708149946071062
1,1,15.000000223517418,0.0008,0.9938236932779275
1,2,15.000000223517418,0.0008,-0.0044659041530006605
0,2,15.000000223517418,0.0008,-0.0019330100651547277
1,2,15.000000223517418,0.0008,-0.0044659041530006605
2,2,15.000000223517418,0.0008,0.9886254790345002
3,2,15.000000223517418,0.0008,0.003971493337949036
1,2,15.000000223517418,0.0008,-0.0044659041530006605
1,3,15.000000223517418,0.0008,-0.0004596466795036211
0,3,15.000000223517418,0.0008,-0.007352626678613403
1,3,15.000000223517418,0.0008,-0.0004596466795036211
2,3,15.000000223517418,0.0008,0.004160726126965164
3,3,15.000000223517418,0.0008,0.9812158329751888
1,3,15.000000223517418,0.0008,-0.0004596466795036211
2,0,15.000000223517418,0.0008,-0.0014854040762225518
0,0,15.000000223517418,0.0008,0.9908725266602947
1,0,15.000000223517418,0.0008,0.004843844536189523
2,0,15.000000223517418,0.0008,-0.0014854040762225518
3,0,15.000000223517418,0.0008,-0.005393090648012605
2,0,15.000000223517418,0.0008,-0.0014854040762225518
2,1,15.000000223517418,0.0008,-0.002756596938237099
0,1,15.000000223517418,0.0008,0.003890841786336488
1,1,15.000000223517418,0.0008,0.9938236932779275
2,1,15.000000223517418,0.0008,-0.002756596938237099
3,1,15.000000223517418,0.0008,-0.0002708149946071062
2,1,15.000000223517418,0.0008,-0.002756596938237099
2,2,15.000000223517418,0.0008,0.9886254790345002
0,2,15.000000223517418,0.0008,-0.0019330100651547277
1,2,15.000000223517418,0.0008,-0.0044659041530006605
2,2,15.000000223517418,0.0008,0.9886254790345002
3,2,15.000000223517418,0.0008,0.003971493337949036
2,2,15.000000223517418,0.0008,0.9886254790345002
2,3,15.000000223517418,0.0008,0.004160726126965164
0,3,15.000000223517418,0.0008,-0.007352626678613403
1,3,15.000000223517418,0.0008,-0.0004596466795036211
2,3,15.000000223517418,0.0008,0.004160726126965164
3,3,15.000000223517418,0.0008,0.9812158329751888
2,3,15.000000223517418,0.0008,0.004160726126965164
3,0,15.000000223517418,0.0008,-0.005393090648012605
0,0,15.000000223517418,0.0008,0.9908725266602947
1,0,15.000000223517418,0.0008,0.004843844536189523
2,0,15.000000223517418,0.0008,-0.0014854040762225518
3,0,15.000000223517418,0.0008,-0.005393090648012605
3,0,15.000000223517418,0.0008,-0.005393090648012605
3,1,15.000000223517418,0.0008,-0.0002708149946071062
0,1,15.000000223517418,0.0008,0.003890841786336488
1,1,15.000000223517418,0.0008,0.9938236932779275
2,1,15.000000223517418,0.0008,-0.002756596938237099
3,1,15.000000223517418,0.0008,-0.0002708149946071062
3,1,15.000000223517418,0.0008,-0.0002708149946071062
3,2,15.000000223517418,0.0008,0.003971493337949036
0,2,15.000000223517418,0.0008,-0.0019330100651547277
1,2,15.000000223517418,0.0008,-0.0044659041530006605
2,2,15.000000223517418,0.0008,0.9886254790345002
3,2,15.000000223517418,0.0008,0.003971493337949036
3,2,15.000000223517418,0.0008,0.003971493337949036
3,3,15.000000223517418,0.0008,0.9812158329751888
0,3,15.000000223517418,0.0008,-0.007352626678613403
1,3,15.000000223517418,0.0008,-0.0004596466795036211
2,3,15.000000223517418,0.0008,0.004160726126965164
3,3,15.000000223517418,0.0008,0.9812158329751888
3,3,15.000000223517418,0.0008,0.9812158329751888
0,0,30,0.0008,0.9818897356716713
0,0,30,0.0008,0.9818897356716713
1,0,30,0.0008,0.009622672387923317
2,0,30,0.0008,-0.0029761460622145797
3,0,30,0.0008,-0.010642862193174958
0,0,30,0.0008,0.9818897356716713
0,1,30,0.0008,0.007729458603271372
0,1,30,0.0008,0.007729458603271372
1,1,30,0.0008,0.9877168153112088
2,1,30,0.0008,-0.005471719497574412
3,1,30,0.0008,-0.0005668017782903233
0,1,30,0.0008,0.007729458603271372
0,2,30,0.0008,-0.0038729665454138584
0,2,30,0.0008,-0.0038729665454138584
1,2,30,0.0008,-0.008864616545608911
2,2,30,0.0008,0.9774120444228442
3,2,30,0.0008,0.007834845866224918
0,2,30,0.0008,-0.0038729665454138584
0,3,30,0.0008,-0.014509860413190093
0,3,30,0.0008,-0.014509860413190093
1,3,30,0.0008,-0.0009620167291913284
2,3,30,0.0008,0.00820815877615988
3,3,30,0.0008,0.9628408135802927
0,3,30,0.0008,-0.014509860413190093
1,0,30,0.0008,0.009622672387923317
0,0,30,0.0008,0.9818897356716713
1,0,30,0.0008,0.009622672387923317
2,0,30,0.0008,-0.0029761460622145797
3,0,30,0.0008,-0.010642862193174958
1,0,30,0.0008,0.009622672387923317
1,1,30,0.0008,0.9877168153112088
0,1,30,0.0008,0.007729458603271372
1,1,30,0.0008,0.9877168153112088
2,1,30,0.0008,-0.005471719497574412
3,1,30,0.0008,-0.0005668017782903233
1,1,30,0.0008,0.9877168153112088
1,2,30,0.0008,-0.008864616545608911
0,2,30,0.0008,-0.0038729665454138584
1,2,30,0.0008,-0.008864616545608911
2,2,30,0.0008,0.9774120444228442
3,2,30,0.0008,0.007834845866224918
1,2,30,0.0008,-0.008864616545608911
1,3,30,0.0008,-0.0009620167291913284
0,3,30,0.0008,-0.014509860413190093
1,3,30,0.0008,-0.0009620167291913284
2,3,30,0.0008,0.00820815877615988
3,3,30,0.0008,0.9628408135802927
1,3,30,0.0008,-0.0009620167291913284
2,0,30,0.0008,-0.0029761460622145797
0,0,30,0.0008,0.9818897356716713
1,0,30,0.0008,0.009622672387923317
2,0,30,0.0008,-0.0029761460622145797
3,0,30,0.0008,-0.010642862193174958
2,0,30,0.0008,-0.0029761460622145797
2,1,30,0.0008,-0.005471719497574412
0,1,30,0.0008,0.007729458603271372
1,1,30,0.0008,0.9877168153112088
2,1,30,0.0008,-0.005471719497574412
3,1,30,0.0008,-0.0005668017782903233
2,1,30,0.0008,-0.005471719497574412
2,2,30,0.0008,0.9774120444228442
0,2,30,0.0008,-0.0038729665454138584
1,2,30,0.0008,-0.008864616545608911
2,2,30,0.0008,0.9774120444228442
3,2,30,0.0008,0.007834845866224918
2,2,30,0.0008,0.9774120444228442
2,3,30,0.0008,0.00820815877615988
0,3,30,0.0008,-0.014509860413190093
1,3,30,0.0008,-0.0009620167291913284
2,3,30,0.0008,0.00820815877615988
3,3,30,0.0008,0.9628408135802927
2,3,30,0.0008,0.00820815877615988
3,0,30,0.0008,-0.010642862193174958
0,0,30,0.0008,0.9818897356716713
1,0,30,0.0008,0.009622672387923317
2,0,30,0.0008,-0.0029761460622145797
3,0,30,0.0008,-0.010642862193174958
3,0,30,0.0008,-0.010642862193174958
3,1,30,0.0008,-0.0005668017782903233
0,1,30,0.0008,0.007729458603271372
1,1,30,0.0008,0.9877168153112088
2,1,30,0.0008,-0.005471719497574412
3,1,30,0.0008,-0.0005668017782903233
3,1,30,0.0008,-0.0005668017782903233
3,2,30,0.0008,0.007834845866224918
0,2,30,0.0008,-0.0038729665454138584
1,2,30,0.0008,-0.008864616545608911
2,2,30,0.0008,0.9774120444228442
3,2,30,0.0008,0.007834845866224918
3,2,30,0.0008,0.007834845866224918
3,3,30,0.0008,0.9628408135802927
0,3,30,0.0008,-0.014509860413190093
1,3,30,0.0008,-0.0009620167291913284
2,3,30,0.0008,0.00820815877615988
3,3,30,0.0008,0.9628408135802927
3,3,30,0.0008,0.9628408135802927
0,0,30.0,0.0008,0.9818897356716713
0,0,30.0,0.0008,0.9818897356716713
1,0,30.0,0.0008,0.009622672387923317
2,0,30.0,0.0008,-0.0029761460622145797
3,0,30.0,0.0008,-0.010642862193174958
0,0,30.0,0.0008,0.9818897356716713
0,1,30.0,0.0008,0.007729458603271372
0,1,30.0,0.0008,0.007729458603271372
1,1,30.0,0.0008,0.9877168153112088
2,1,30.0,0.0008,-0.005471719497574412
3,1,30.0,0.0008,-0.0005668017782903233
0,1,30.0,0.0008,0.007729458603271372
0,2,30.0,0.0008,-0.0038729665454138584
0,2,30.0,0.0008,-0.0038729665454138584
1,2,30.0,0.0008,-0.008864616545608911
2,2,30.0,0.0008,0.9774120444228442
3,2,30.0,0.0008,0.007834845866224918
0,2,30.0,0.0008,-0.0038729665454138584
0,3,30.0,0.0008,-0.014509860413190093
0,3,30.0,0.0008,-0.014509860413190093
1,3,30.0,0.0008,-0.0009620167291913284
2,3,30.0,0.0008,0.00820815877615988
3,3,30.0,0.0008,0.9628408135802927
0,3,30.0,0.0008,-0.014509860413190093
1,0,30.0,0.0008,0.009622672387923317
0,0,30.0,0.0008,0.9818897356716713
1,0,30.0,0.0008,0.009622672387923317
2,0,30.0,0.0008,-0.0029761460622145797
3,0,30.0,0.0008,-0.010642862193174958
1,0,30.0,0.0008,0.009622672387923317
1,1,30.0,0.0008,0.9877168153112088
0,1,30.0,0.0008,0.007729458603271372
1,1,30.0,0.0008,0.9877168153112088
2,1,30.0,0.0008,-0.005471719497574412
3,1,30.0,0.0008,-0.0005668017782903233
1,1,30.0,0.0008,0.9877168153112088
1,2,30.0,0.0008,-0.008864616545608911
0,2,30.0,0.0008,-0.0038729665454138584
1,2,30.0,0.0008,-0.008864616545608911
2,2,30.0,0.0008,0.9774120444228442
3,2,30.0,0.0008,0.007834845866224918
1,2,30.0,0.0008,-0.008864616545608911
1,3,30.0,0.0008,-0.0009620167291913284
0,3,30.0,0.0008,-0.014509860413190093
1,3,30.0,0.0008,-0.0009620167291913284
2,3,30.0,0.0008,0.00820815877615988
3,3,30.0,0.0008,0.9628408135802927
1,3,30.0,0.0008,-0.0009620167291913284
2,0,30.0,0.0008,-0.0029761460622145797
0,0,30.0,0.0008,0.9818897356716713
1,0,30.0,0.0008,0.009622672387923317
2,0,30.0,0.0008,-0.0029761460622145797
3,0,30.0,0.0008,-0.010642862193174958
2,0,30.0,0.0008,-0.0029761460622145797
2,1,30.0,0.0008,-0.005471719497574412
0,1,30.0,0.0008,0.007729458603271372
1,1,30.0,0.0008,0.9877168153112088
2,1,30.0,0.0008,-0.005471719497574412
3,1,30.0,0.0008,-0.0005668017782903233
2,1,30.0,0.0008,-0.005471719497574412
2,2,30.0,0.0008,0.9774120444228442
0,2,30.0,0.0008,-0.0038729665454138584
1,2,30.0,0.0008,-0.008864616545608911
2,2,30.0,0.0008,0.9774120444228442
3,2,30.0,0.0008,0.007834845866224918
2,2,30.0,0.0008,0.9774120444228442
2,3,30.0,0.0008,0.00820815877615988
0,3,30.0,0.0008,-0.014509860413190093
1,3,30.0,0.0008,-0.0009620167291913284
2,3,30.0,0.0008,0.00820815877615988
3,3,30.0,0.0008,0.9628408135802927
2,3,30.0,0.0008,0.00820815877615988
3,0,30.0,0.0008,-0.010642862193174958
0,0,30.0,0.0008,0.9818897356716713
1,0,30.0,0.0008,0.009622672387923317
2,0,30.0,0.0008,-0.0029761460622145797
3,0,30.0,0.0008,-0.010642862193174958
3,0,30.0,0.0008,-0.010642862193174958
3,1,30.0,0.0008,-0.0005668017782903233
0,1,30.0,0.0008,0.007729458603271372
1,1,30.0,0.0008,0.9877168153112088
2,1,30.0,0.0008,-0.005471719497574412
3,1,30.0,0.0008,-0.0005668017782903233
3,1,30.0,0.0008,-0.0005668017782903233
3,2,30.0,0.0008,0.007834845866224918
0,2,30.0,0.0008,-0.0038729665454138584
1,2,30.0,0.0008,-0.008864616545608911
2,2,30.0,0.0008,0.9774120444228442
3,2,30.0,0.0008,0.007834845866224918
3,2,30.0,0.0008,0.007834845866224918
3,3,30.0,0.0008,0.9628408135802927
0,3,30.0,0.0008,-0.014509860413190093
1,3,30.0,0.0008,-0.0009620167291913284
2,3,30.0,0.0008,0.00820815877615988
3,3,30.0,0.0008,0.9628408135802927
3,3,30.0,0.0008,0.9628408135802927
0,0,30.0,0.0008,0.9818897356716713
0,0,30.0,0.0008,0.9818897356716713
1,0,30.0,0.0008,0.009622672387923317
2,0,30.0,0.0008,-0.0029761460622145797
3,0,30.0,0.0008,-0.010642862193174958
0,0,30.0,0.0008,0.9818897356716713
0,1,30.0,0.0008,0.007729458603271372
0,1,30.0,0.0008,0.007729458603271372
1,1,30.0,0.0008,0.9877168153112088
2,1,30.0,0.0008,-0.005471719497574412
3,1,30.0,0.0008,-0.0005668017782903233
0,1,30.0,0.0008,0.007729458603271372
0,2,30.0,0.0008,-0.0038729665454138584
0,2,30.0,0.0008,-0.0038729665454138584
1,2,30.0,0.0008,-0.008864616545608911
2,2,30.0,0.0008,0.9774120444228442
3,2,30.0,0.0008,0.007834845866224918
0,2,30.0,0.0008,-0.0038729665454138584
0,3,30.0,0.0008,-0.014509860413190093
0,3,30.0,0.0008,-0.014509860413190093
1,3,30.0,0.0008,-0.0009620167291913284
2,3,30.0,0.0008,0.00820815877615988
3,3,30.0,0.0008,0.9628408135802927
0,3,30.0,0.0008,-0.014509860413190093
1,0,30.0,0.0008,0.009622672387923317
0,0,30.0,0.0008,0.9818897356716713
1,0,30.0,0.0008,0.009622672387923317
2,0,30.0,0.0008,-0.0029761460622145797
3,0,30.0,0.0008,-0.010642862193174958
1,0,30.0,0.0008,0.009622672387923317
1,1,30.0,0.0008,0.9877168153112088
0,1,30.0,0.0008,0.007729458603271372
1,1,30.0,0.0008,0.9877168153112088
2,1,30.0,0.0008,-0.005471719497574412
3,1,30.0,0.0008,-0.0005668017782903233
1,1,30.0,0.0008,0.9877168153112088
1,2,30.0,0.0008,-0.008864616545608911
0,2,30.0,0.0008,-0.0038729665454138584
1,2,30.0,0.0008,-0.008864616545608911
2,2,30.0,0.0008,0.9774120444228442
3,2,30.0,0.0008,0.007834845866224918
1,2,30.0,0.0008,-0.008864616545608911
1,3,30.0,0.0008,-0.0009620167291913284
0,3,30.0,0.0008,-0.014509860413190093
1,3,30.0,0.0008,-0.0009620167291913284
2,3,30.0,0.0008,0.00820815877615988
3,3,30.0,0.0008,0.9628408135802927
1,3,30.0,0.0008,-0.0009620167291913284
2,0,30.0,0.0008,-0.0029761460622145797
0,0,30.0,0.0008,0.9818897356716713
1,0,30.0,0.0008,0.009622672387923317
2,0,30.0,0.0008,-0.0029761460622145797
3,0,30.0,0.0008,-0.010642862193174958
2,0,30.0,0.0008,-0.0029761460622145797
2,1,30.0,0.0008,-0.005471719497574412
0,1,30.0,0.0008,0.007729458603271372
1,1,30.0,0.0008,0.9877168153112088
2,1,30.0,0.0008,-0.005471719497574412
3,1,30.0,0.0008,-0.0005668017782903233
2,1,30.0,0.0008,-0.005471719497574412
2,2,30.0,0.0008,0.9774120444228442
0,2,30.0,0.0008,-0.0038729665454138584
1,2,30.0,0.0008,-0.008864616545608911
2,2,30.0,0.0008,0.9774120444228442
3,2,30.0,0.0008,0.007834845866224918
2,2,30.0,0.0008,0.9774120444228442
2,3,30.0,0.0008,0.00820815877615988
0,3,30.0,0.0008,-0.014509860413190093
1,3,30.0,0.0008,-0.0009620167291913284
2,3,30.0,0.0008,0.00820815877615988
3,3,30.0,0.0008,0.9628408135802927
2,3,30.0,0.0008,0.00820815877615988
3,0,30.0,0.0008,-0.010642862193174958
0,0,30.0,0.0008,0.9818897356716713
1,0,30.0,0.0008,0.009622672387923317
2,0,30.0,0.0008,-0.0029761460622145797
3,0,30.0,0.0008,-0.010642862193174958
3,0,30.0,0.0008,-0.010642862193174958
3,1,30.0,0.0008,-0.0005668017782903233
0,1,30.0,0.0008,0.007729458603271372
1,1,30.0,0.0008,0.9877168153112088
2,1,30.0,0.0008,-0.005471719497574412
3,1,30.0,0.0008,-0.0005668017782903233
3,1,30.0,0.0008,-0.0005668017782903233
3,2,30.0,0.0008,0.007834845866224918
0,2,30.0,0.0008,-0.0038729665454138584
1,2,30.0,0.0008,-0.008864616545608911
2,2,30.0,0.0008,0.9774120444228442
3,2,30.0,0.0008,0.007834845866224918
3,2,30.0,0.0008,0.007834845866224918
3,3,30.0,0.0008,0.9628408135802927
0,3,30.0,0.0008,-0.014509860413190093
1,3,30.0,0.0008,-0.0009620167291913284
2,3,30.0,0.0008,0.00820815877615988
3,3,30.0,0.0008,0.9628408135802927
3,3,30.0,0.0008,0.9628408135802927
0,0,30.000000447034836,0.0008,0.981889735406093
0,0,30.000000447034836,0.0008,0.981889735406093
1,0,30.000000447034836,0.0008,0.009622672529385243
2,0,30.000000447034836,0.0008,-0.002976146106715538
3,0,30.000000447034836,0.0008,-0.010642862347529404
0,0,30.000000447034836,0.0008,0.981889735406093
0,1,30.000000447034836,0.0008,0.007729458716901352
0,1,30.000000447034836,0.0008,0.007729458716901352
1,1,30.000000447034836,0.0008,0.9877168151302358
2,1,30.000000447034836,0.0008,-0.005471719577880257
3,1,30.000000447034836,0.0008,-0.0005668017874775264
0,1,30.000000447034836,0.0008,0.007729458716901352
0,2,30.000000447034836,0.0008,-0.0038729666033245347
0,2,30.000000447034836,0.0008,-0.0038729666033245347
1,2,30.000000447034836,0.0008,-0.008864616675710674
2,2,30.000000447034836,0.0008,0.9774120440910335
3,2,30.000000447034836,0.0008,0.007834845979777225
0,2,30.000000447034836,0.0008,-0.0038729666033245347
0,3,30.000000447034836,0.0008,-0.014509860623628093
0,3,30.000000447034836,0.0008,-0.014509860623628093
1,3,30.000000447034836,0.0008,-0.0009620167447845149
2,3,30.000000447034836,0.0008,0.008208158895122691
3,3,30.000000447034836,0.0008,0.9628408130386796
0,3,30.000000447034836,0.0008,-0.014509860623628093
1,0,30.000000447034836,0.0008,0.009622672529385243
0,0,30.000000447034836,0.0008,0.981889735406093
1,0,30.000000447034836,0.0008,0.009622672529385243
2,0,30.000000447034836,0.0008,-0.002976146106715538
3,0,30.000000447034836,0.0008,-0.010642862347529404
1,0,30.000000447034836,0.0008,0.009622672529385243
1,1,30.000000447034836,0.0008,0.9877168151302358
0,1,30.000000447034836,0.0008,0.007729458716901352
1,1,30.000000447034836,0.0008,0.9877168151302358
2,1,30.000000447034836,0.0008,-0.005471719577880257
3,1,30.000000447034836,0.0008,-0.0005668017874775264
1,1,30.000000447034836,0.0008,0.9877168151302358
1,2,30.000000447034836,0.0008,-0.008864616675710674
0,2,30.000000447034836,0.0008,-0.0038729666033245347
1,2,30.000000447034836,0.0008,-0.008864616675710674
2,2,30.000000447034836,0.0008,0.9774120440910335
3,2,30.000000447034836,0.0008,0.007834845979777225
1,2,30.000000447034836,0.0008,-0.008864616675710674
1,3,30.000000447034836,0.0008,-0.0009620167447845149
0,3,30.000000447034836,0.0008,-0.014509860623628093
1,3,30.000000447034836,0.0008,-0.0009620167447845149
2,3,30.000000447034836,0.0008,0.008208158895122691
3,3,30.000000447034836,0.0008,0.9628408130386796
1,3,30.000000447034836,0.0008,-0.0009620167447845149
2,0,30.000000447034836,0.0008,-0.002976146106715538
0,0,30.000000447034836,0.0008,0.981889735406093
1,0,30.000000447034836,0.0008,0.009622672529385243
2,0,30.000000447034836,0.0008,-0.002976146106715538
3,0,30.000000447034836,0.0008,-0.010642862347529404
2,0,30.000000447034836,0.0008,-0.002976146106715538
2,1,30.000000447034836,0.0008,-0.005471719577880257
0,1,30.000000447034836,0.0008,0.007729458716901352
1,1,30.000000447034836,0.0008,0.9877168151302358
2,1,30.000000447034836,0.0008,-0.005471719577880257
3,1,30.000000447034836,0.0008,-0.0005668017874775264
2,1,30.000000447034836,0.0008,-0.005471719577880257
2,2,30.000000447034836,0.0008,0.9774120440910335
0,2,30.000000447034836,0.0008,-0.0038729666033245347
1,2,30.000000447034836,0.0008,-0.008864616675710674
2,2,30.000000447034836,0.0008,0.9774120440910335
3,2,30.000000447034836,0.0008,0.007834845979777225
2,2,30.000000447034836,0.0008,0.9774120440910335
2,3,30.000000447034836,0.0008,0.008208158895122691
0,3,30.000000447034836,0.0008,-0.014509860623628093
1,3,30.000000447034836,0.0008,-0.0009620167447845149
2,3,30.000000447034836,0.0008,0.008208158895122691
3,3,30.000000447034836,0.0008,0.9628408130386796
2,3,30.000000447034836,0.0008,0.008208158895122691
3,0,30.000000447034836,0.0008,-0.010642862347529404
0,0,30.000000447034836,0.0008,0.981889735406093
1,0,30.000000447034836,0.0008,0.009622672529385243
2,0,30.000000447034836,0.0008,-0.002976146106715538
3,0,30.000000447034836,0.0008,-0.010642862347529404
3,0,30.000000447034836,0.0008,-0.010642862347529404
3,1,30.000000447034836,0.0008,-0.0005668017874775264
0,1,30.000000447034836,0.0008,0.007729458716901352
1,1,30.000000447034836,0.0008,0.9877168151302358
2,1,30.000000447034836,0.0008,-0.005471719577880257
3,1,30.000000447034836,0.0008,-0.0005668017874775264
3,1,30.000000447034836,0.0008,-0.0005668017874775264
3,2,30.000000447034836,0.0008,0.007834845979777225
0,2,30.000000447034836,0.0008,-0.0038729666033245347
1,2,30.000000447034836,0.0008,-0.008864616675710674
2,2,30.000000447034836,0.0008,0.9774120440910335
3,2,30.000000447034836,0.0008,0.007834845979777225
3,2,30.000000447034836,0.0008,0.007834845979777225
3,3,30.000000447034836,0.0008,0.9628408130386796
0,3,30.000000447034836,0.0008,-0.014509860623628093
1,3,30.000000447034836,0.0008,-0.0009620167447845149
2,3,30.000000447034836,0.0008,0.008208158895122691
3,3,30.000000447034836,0.0008,0.9628408130386796
3,3,30.000000447034836,0.0008,0.9628408130386796
0,0,30.000000447034836,0.0008,0.981889735406093
0,0,30.000000447034836,0.0008,0.981889735406093
1,0,30.000000447034836,0.0008,0.009622672529385243
2,0,30.000000447034836,0.0008,-0.002976146106715538
3,0,30.000000447034836,0.0008,-0.010642862347529404
0,0,30.000000447034836,0.0008,0.981889735406093
0,1,30.000000447034836,0.0008,0.007729458716901352
0,1,30.000000447034836,0.0008,0.007729458716901352
1,1,30.000000447034836,0.0008,0.9877168151302358
2,1,30.000000447034836,0.0008,-0.005471719577880257
3,1,30.000000447034836,0.0008,-0.0005668017874775264
0,1,30.000000447034836,0.0008,0.007729458716901352
0,2,30.000000447034836,0.0008,-0.0038729666033245347
0,2,30.000000447034836,0.0008,-0.0038729666033245347
1,2,30.000000447034836,0.0008,-0.008864616675710674
2,2,30.000000447034836,0.0008,0.9774120440910335
3,2,30.000000447034836,0.0008,0.007834845979777225
0,2,30.000000447034836,0.0008,-0.0038729666033245347
0,3,30.000000447034836,0.0008,-0.014509860623628093
0,3,30.000000447034836,0.0008,-0.014509860623628093
1,3,30.000000447034836,0.0008,-0.0009620167447845149
2,3,30.000000447034836,0.0008,0.008208158895122691
3,3,30.000000447034836,0.0008,0.9628408130386796
0,3,30.000000447034836,0.0008,-0.014509860623628093
1,0,30.000000447034836,0.0008,0.009622672529385243
0,0,30.000000447034836,0.0008,0.981889735406093
1,0,30.000000447034836,0.0008,0.009622672529385243
2,0,30.000000447034836,0.0008,-0.002976146106715538
3,0,30.000000447034836,0.0008,-0.010642862347529404
1,0,30.000000447034836,0.0008,0.009622672529385243
1,1,30.000000447034836,0.0008,0.9877168151302358
0,1,30.000000447034836,0.0008,0.007729458716901352
1,1,30.000000447034836,0.0008,0.9877168151302358
2,1,30.000000447034836,0.0008,-0.005471719577880257
3,1,30.000000447034836,0.0008,-0.0005668017874775264
1,1,30.000000447034836,0.0008,0.9877168151302358
1,2,30.000000447034836,0.0008,-0.008864616675710674
0,2,30.000000447034836,0.0008,-0.0038729666033245347
1,2,30.000000447034836,0.0008,-0.008864616675710674
2,2,30.000000447034836,0.0008,0.9774120440910335
3,2,30.000000447034836,0.0008,0.007834845979777225
1,2,30.000000447034836,0.0008,-0.008864616675710674
1,3,30.000000447034836,0.0008,-0.0009620167447845149
0,3,30.000000447034836,0.0008,-0.014509860623628093
1,3,30.000000447034836,0.0008,-0.0009620167447845149
2,3,30.000000447034836,0.0008,0.008208158895122691
3,3,30.000000447034836,0.0008,0.9628408130386796
1,3,30.000000447034836,0.0008,-0.0009620167447845149
2,0,30.000000447034836,0.0008,-0.002976146106715538
0,0,30.000000447034836,0.0008,0.981889735406093
1,0,30.000000447034836,0.0008,0.009622672529385243
2,0,30.000000447034836,0.0008,-0.002976146106715538
3,0,30.000000447034836,0.0008,-0.010642862347529404
2,0,30.000000447034836,0.0008,-0.002976146106715538
2,1,30.000000447034836,0.0008,-0.005471719577880257
0,1,30.000000447034836,0.0008,0.007729458716901352
1,1,30.000000447034836,0.0008,0.9877168151302358
2,1,30.000000447034836,0.0008,-0.005471719577880257
3,1,30.000000447034836,0.0008,-0.0005668017874775264
2,1,30.000000447034836,0.0008,-0.005471719577880257
2,2,30.000000447034836,0.0008,0.9774120440910335
0,2,30.000000447034836,0.0008,-0.0038729666033245347
1,2,30.000000447034836,0.0008,-0.008864616675710674
2,2,30.000000447034836,0.0008,0.9774120440910335
3,2,30.000000447034836,0.0008,0.007834845979777225
2,2,30.000000447034836,0.0008,0.9774120440910335
2,3,30.000000447034836,0.0008,0.008208158895122691
0,3,30.000000447034836,0.0008,-0.014509860623628093
1,3,30.000000447034836,0.0008,-0.0009620167447845149
2,3,30.000000447034836,0.0008,0.008208158895122691
3,3,30.000000447034836,0.0008,0.9628408130386796
2,3,30.000000447034836,0.0008,0.008208158895122691
3,0,30.000000447034836,0.0008,-0.010642862347529404
0,0,30.000000447034836,0.0008,0.981889735406093
1,0,30.000000447034836,0.0008,0.009622672529385243
2,0,30.000000447034836,0.0008,-0.002976146106715538
3,0,30.000000447034836,0.0008,-0.010642862347529404
3,0,30.000000447034836,0.0008,-0.010642862347529404
3,1,30.000000447034836,0.0008,-0.0005668017874775264
0,1,30.000000447034836,0.0008,0.007729458716901352
1,1,30.000000447034836,0.0008,0.9877168151302358
2,1,30.000000447034836,0.0008,-0.005471719577880257
3,1,30.000000447034836,0.0008,-0.0005668017874775264
3,1,30.000000447034836,0.0008,-0.0005668017874775264
3,2,30.000000447034836,0.0008,0.007834845979777225
0,2,30.000000447034836,0.0008,-0.0038729666033245347
1,2,30.000000447034836,0.0008,-0.008864616675710674
2,2,30.000000447034836,0.0008,0.9774120440910335
3,2,30.000000447034836,0.0008,0.007834845979777225
3,2,30.000000447034836,0.0008,0.007834845979777225
3,3,30.000000447034836,0.0008,0.9628408130386796
0,3,30.000000447034836,0.0008,-0.014509860623628093
1,3,30.000000447034836,0.0008,-0.0009620167447845149
2,3,30.000000447034836,0.0008,0.008208158895122691
3,3,30.000000447034836,0.0008,0.9628408130386796
3,3,30.000000447034836,0.0008,0.9628408130386796
0,0,55.0,0.0008,0.9672328486984301
0,0,55.0,0.0008,0.9672328486984301
1,0,55.0,0.0008,0.017445775084469914
2,0,55.0,0.0008,-0.005470899930745843
3,0,55.0,0.0008,-0.019083399029209344
0,0,55.0,0.0008,0.9672328486984301
0,1,55.0,0.0008,0.01401340406087502
0,1,55.0,0.0008,0.01401340406087502
1,1,55.0,0.0008,0.9776906530101478
2,1,55.0,0.0008,-0.009906627847975524
3,1,55.0,0.0008,-0.0011136157854875171
0,1,55.0,0.0008,0.01401340406087502
0,2,55.0,0.0008,-0.0071194800127917235
0,2,55.0,0.0008,-0.0071194800127917235
1,2,55.0,0.0008,-0.016049517372241418
2,2,55.0,0.0008,0.9590743003123005
3,2,55.0,0.0008,0.014040732143486834
0,2,55.0,0.0008,-0.0071194800127917235
0,3,55.0,0.0008,-0.026017198296582687
0,3,55.0,0.0008,-0.026017198296582687
1,3,55.0,0.0008,-0.0018901087762320315
2,3,55.0,0.0008,0.014709741676488461
3,3,55.0,0.0008,0.9331001642519656
0,3,55.0,0.0008,-0.026017198296582687
1,0,55.0,0.0008,0.017445775084469914
0,0,55.0,0.0008,0.9672328486984301
1,0,55.0,0.0008,0.017445775084469914
2,0,55.0,0.0008,-0.005470899930745843
3,0,55.0,0.0008,-0.019083399029209344
1,0,55.0,0.0008,0.017445775084469914
1,1,55.0,0.0008,0.9776906530101478
0,1,55.0,0.0008,0.01401340406087502
1,1,55.0,0.0008,0.9776906530101478
2,1,55.0,0.0008,-0.009906627847975524
3,1,55.0,0.0008,-0.0011136157854875171
1,1,55.0,0.0008,0.9776906530101478
1,2,55.0,0.0008,-0.016049517372241418
0,2,55.0,0.0008,-0.0071194800127917235
1,2,55.0,0.0008,-0.016049517372241418
2,2,55.0,0.0008,0.9590743003123005
3,2,55.0,0.0008,0.014040732143486834
1,2,55.0,0.0008,-0.016049517372241418
1,3,55.0,0.0008,-0.0018901087762320315
0,3,55.0,0.0008,-0.026017198296582687
1,3,55.0,0.0008,-0.0018901087762320315
2,3,55.0,0.0008,0.014709741676488461
3,3,55.0,0.0008,0.9331001642519656
1,3,55.0,0.0008,-0.0018901087762320315
2,0,55.0,0.0008,-0.005470899930745843
0,0,55.0,0.0008,0.9672328486984301
1,0,55.0,0.0008,0.017445775084469914
2,0,55.0,0.0008,-0.005470899930745843
3,0,55.0,0.0008,-0.019083399029209344
2,0,55.0,0.0008,-0.005470899930745843
2,1,55.0,0.0008,-0.009906627847975524
0,1,55.0,0.0008,0.01401340406087502
1,1,55.0,0.0008,0.9776906530101478
2,1,55.0,0.0008,-0.009906627847975524
3,1,55.0,0.0008,-0.0011136157854875171
2,1,55.0,0.0008,-0.009906627847975524
2,2,55.0,0.0008,0.9590743003123005
0,2,55.0,0.0008,-0.0071194800127917235
1,2,55.0,0.0008,-0.016049517372241418
2,2,55.0,0.0008,0.9590743003123005
3,2,55.0,0.0008,0.014040732143486834
2,2,55.0,0.0008,0.9590743003123005
2,3,55.0,0.0008,0.014709741676488461
0,3,55.0,0.0008,-0.026017198296582687
1,3,55.0,0.0008,-0.0018901087762320315
2,3,55.0,0.0008,0.014709741676488461
3,3,55.0,0.0008,0.9331001642519656
2,3,55.0,0.0008,0.014709741676488461
3,0,55.0,0.0008,-0.019083399029209344
0,0,55.0,0.0008,0.9672328486984301
1,0,55.0,0.0008,0.017445775084469914
2,0,55.0,0.0008,-0.005470899930745843
3,0,55.0,0.0008,-0.019083399029209344
3,0,55.0,0.0008,-0.019083399029209344
3,1,55.0,0.0008,-0.0011136157854875171
0,1,55.0,0.0008,0.01401340406087502
1,1,55.0,0.0008,0.9776906530101478
2,1,55.0,0.0008,-0.009906627847975524
3,1,55.0,0.0008,-0.0011136157854875171
3,1,55.0,0.0008,-0.0011136157854875171
3,2,55.0,0.0008,0.014040732143486834
0,2,55.0,0.0008,-0.0071194800127917235
1,2,55.0,0.0008,-0.016049517372241418
2,2,55.0,0.0008,0.9590743003123005
3,2,55.0,0.0008,0.014040732143486834
3,2,55.0,0.0008,0.014040732143486834
3,3,55.0,0.0008,0.9331001642519656
0,3,55.0,0.0008,-0.026017198296582687
1,3,55.0,0.0008,-0.0018901087762320315
2,3,55.0,0.0008,0.014709741676488461
3,3,55.0,0.0008,0.9331001642519656
3,3,55.0,0.0008,0.9331001642519656
0,0,55.0,0.0008,0.9672328486984301
0,0,55.0,0.0008,0.9672328486984301
1,0,55.0,0.0008,0.017445775084469914
2,0,55.0,0.0008,-0.005470899930745843
3,0,55.0,0.0008,-0.019083399029209344
0,0,55.0,0.0008,0.9672328486984301
0,1,55.0,0.0008,0.01401340406087502
0,1,55.0,0.0008,0.01401340406087502
1,1,55.0,0.0008,0.9776906530101478
2,1,55.0,0.0008,-0.009906627847975524
3,1,55.0,0.0008,-0.0011136157854875171
0,1,55.0,0.0008,0.01401340406087502
0,2,55.0,0.0008,-0.0071194800127917235
0,2,55.0,0.0008,-0.0071194800127917235
1,2,55.0,0.0008,-0.016049517372241418
2,2,55.0,0.0008,0.9590743003123005
3,2,55.0,0.0008,0.014040732143486834
0,2,55.0,0.0008,-0.0071194800127917235
0,3,55.0,0.0008,-0.026017198296582687
0,3,55.0,0.0008,-0.026017198296582687
1,3,55.0,0.0008,-0.0018901087762320315
2,3,55.0,0.0008,0.014709741676488461
3,3,55.0,0.0008,0.9331001642519656
0,3,55.0,0.0008,-0.026017198296582687
1,0,55.0,0.0008,0.017445775084469914
0,0,55.0,0.0008,0.9672328486984301
1,0,55.0,0.0008,0.017445775084469914
2,0,55.0,0.0008,-0.005470899930745843
3,0,55.0,0.0008,-0.019083399029209344
1,0,55.0,0.0008,0.017445775084469914
1,1,55.0,0.0008,0.9776906530101478
0,1,55.0,0.0008,0.01401340406087502
1,1,55.0,0.0008,0.9776906530101478
2,1,55.0,0.0008,-0.009906627847975524
3,1,55.0,0.0008,-0.0011136157854875171
1,1,55.0,0.0008,0.9776906530101478
1,2,55.0,0.0008,-0.016049517372241418
0,2,55.0,0.0008,-0.0071194800127917235
1,2,55.0,0.0008,-0.016049517372241418
2,2,55.0,0.0008,0.9590743003123005
3,2,55.0,0.0008,0.014040732143486834
1,2,55.0,0.0008,-0.016049517372241418
1,3,55.0,0.0008,-0.0018901087762320315
0,3,55.0,0.0008,-0.026017198296582687
1,3,55.0,0.0008,-0.0018901087762320315
2,3,55.0,0.0008,0.014709741676488461
3,3,55.0,0.0008,0.9331001642519656
1,3,55.0,0.0008,-0.0018901087762320315
2,0,55.0,0.0008,-0.005470899930745843
0,0,55.0,0.0008,0.9672328486984301
1,0,55.0,0.0008,0.017445775084469914
2,0,55.0,0.0008,-0.005470899930745843
3,0,55.0,0.0008,-0.019083399029209344
2,0,55.0,0.0008,-0.005470899930745843
2,1,55.0,0.0008,-0.009906627847975524
0,1,55.0,0.0008,0.01401340406087502
1,1,55.0,0.0008,0.9776906530101478
2,1,55.0,0.0008,-0.009906627847975524
3,1,55.0,0.0008,-0.0011136157854875171
2,1,55.0,0.0008,-0.009906627847975524
2,2,55.0,0.0008,0.9590743003123005
0,2,55.0,0.0008,-0.0071194800127917235
1,2,55.0,0.0008,-0.016049517372241418
2,2,55.0,0.0008,0.9590743003123005
3,2,55.0,0.0008,0.014040732143486834
2,2,55.0,0.0008,0.9590743003123005
2,3,55.0,0.0008,0.014709741676488461
0,3,55.0,0.0008,-0.026017198296582687
1,3,55.0,0.0008,-0.0018901087762320315
2,3,55.0,0.0008,0.014709741676488461
3,3,55.0,0.0008,0.9331001642519656
2,3,55.0,0.0008,0.014709741676488461
3,0,55.0,0.0008,-0.019083399029209344
0,0,55.0,0.0008,0.9672328486984301
1,0,55.0,0.0008,0.017445775084469914
2,0,55.0,0.0008,-0.005470899930745843
3,0,55.0,0.0008,-0.019083399029209344
3,0,55.0,0.0008,-0.019083399029209344
3,1,55.0,0.0008,-0.0011136157854875171
0,1,55.0,0.0008,0.01401340406087502
1,1,55.0,0.0008,0.9776906530101478
2,1,55.0,0.0008,-0.009906627847975524
3,1,55.0,0.0008,-0.0011136157854875171
3,1,55.0,0.0008,-0.0011136157854875171
3,2,55.0,0.0008,0.014040732143486834
0,2,55.0,0.0008,-0.0071194800127917235
1,2,55.0,0.0008,-0.016049517372241418
2,2,55.0,0.0008,0.9590743003123005
3,2,55.0,0.0008,0.014040732143486834
3,2,55.0,0.0008,0.014040732143486834
3,3,55.0,0.0008,0.9331001642519656
0,3,55.0,0.0008,-0.026017198296582687
1,3,55.0,0.0008,-0.0018901087762320315
2,3,55.0,0.0008,0.014709741676488461
3,3,55.0,0.0008,0.9331001642519656
3,3,55.0,0.0008,0.9331001642519656
0,0,55.0,0.0008,0.9672328486984301
0,0,55.0,0.0008,0.9672328486984301
1,0,55.0,0.0008,0.017445775084469914
2,0,55.0,0.0008,-0.005470899930745843
3,0,55.0,0.0008,-0.019083399029209344
0,0,55.0,0.0008,0.9672328486984301
0,1,55.0,0.0008,0.01401340406087502
0,1,55.0,0.0008,0.01401340406087502
1,1,55.0,0.0008,0.9776906530101478
2,1,55.0,0.0008,-0.009906627847975524
3,1,55.0,0.0008,-0.0011136157854875171
0,1,55.0,0.0008,0.01401340406087502
0,2,55.0,0.0008,-0.0071194800127917235
0,2,55.0,0.0008,-0.0071194800127917235
1,2,55.0,0.0008,-0.016049517372241418
2,2,55.0,0.0008,0.9590743003123005
3,2,55.0,0.0008,0.014040732143486834
0,2,55.0,0.0008,-0.0071194800127917235
0,3,55.0,0.0008,-0.026017198296582687
0,3,55.0,0.0008,-0.026017198296582687
1,3,55.0,0.0008,-0.0018901087762320315
2,3,55.0,0.0008,0.014709741676488461
3,3,55.0,0.0008,0.9331001642519656
0,3,55.0,0.0008,-0.026017198296582687
1,0,55.0,0.0008,0.017445775084469914
0,0,55.0,0.0008,0.9672328486984301
1,0,55.0,0.0008,0.017445775084469914
2,0,55.0,0.0008,-0.005470899930745843
3,0,55.0,0.0008,-0.019083399029209344
1,0,55.0,0.0008,0.017445775084469914
1,1,55.0,0.0008,0.9776906530101478
0,1,55.0,0.0008,0.01401340406087502
1,1,55.0,0.0008,0.9776906530101478
2,1,55.0,0.0008,-0.009906627847975524
3,1,55.0,0.0008,-0.0011136157854875171
1,1,55.0,0.0008,0.9776906530101478
1,2,55.0,0.0008,-0.016049517372241418
0,2,55.0,0.0008,-0.0071194800127917235
1,2,55.0,0.0008,-0.016049517372241418
2,2,55.0,0.0008,0.9590743003123005
3,2,55.0,0.0008,0.014040732143486834
1,2,55.0,0.0008,-0.016049517372241418
1,3,55.0,0.0008,-0.0018901087762320315
0,3,55.0,0.0008,-0.026017198296582687
1,3,55.0,0.0008,-0.0018901087762320315
2,3,55.0,0.0008,0.014709741676488461
3,3,55.0,0.0008,0.9331001642519656
1,3,55.0,0.0008,-0.0018901087762320315
2,0,55.0,0.0008,-0.005470899930745843
0,0,55.0,0.0008,0.9672328486984301
1,0,55.0,0.0008,0.017445775084469914
2,0,55.0,0.0008,-0.005470899930745843
3,0,55.0,0.0008,-0.019083399029209344
2,0,55.0,0.0008,-0.005470899930745843
2,1,55.0,0.0008,-0.009906627847975524
0,1,55.0,0.0008,0.01401340406087502
1,1,55.0,0.0008,0.9776906530101478
2,1,55.0,0.0008,-0.009906627847975524
3,1,55.0,0.0008,-0.0011136157854875171
2,1,55.0,0.0008,-0.009906627847975524
2,2,55.0,0.0008,0.9590743003123005
0,2,55.0,0.0008,-0.0071194800127917235
1,2,55.0,0.0008,-0.016049517372241418
2,2,55.0,0.0008,0.9590743003123005
3,2,55.0,0.0008,0.014040732143486834
2,2,55.0,0.0008,0.9590743003123005
2,3,55.0,0.0008,0.014709741676488461
0,3,55.0,0.0008,-0.026017198296582687
1,3,55.0,0.0008,-0.0018901087762320315
2,3,55.0,0.0008,0.014709741676488461
3,3,55.0,0.0008,0.9331001642519656
2,3,55.0,0.0008,0.014709741676488461
3,0,55.0,0.0008,-0.019083399029209344
0,0,55.0,0.0008,0.9672328486984301
1,0,55.0,0.0008,0.017445775084469914
2,0,55.0,0.0008,-0.005470899930745843
3,0,55.0,0.0008,-0.019083399029209344
3,0,55.0,0.0008,-0.019083399029209344
3,1,55.0,0.0008,-0.0011136157854875171
0,1,55.0,0.0008,0.01401340406087502
1,1,55.0,0.0008,0.9776906530101478
2,1,55.0,0.0008,-0.009906627847975524
3,1,55.0,0.0008,-0.0011136157854875171
3,1,55.0,0.0008,-0.0011136157854875171
3,2,55.0,0.0008,0.014040732143486834
0,2,55.0,0.0008,-0.0071194800127917235
1,2,55.0,0.0008,-0.016049517372241418
2,2,55.0,0.0008,0.9590743003123005
3,2,55.0,0.0008,0.014040732143486834
3,2,55.0,0.0008,0.014040732143486834
3,3,55.0,0.0008,0.9331001642519656
0,3,55.0,0.0008,-0.026017198296582687
1,3,55.0,0.0008,-0.0018901087762320315
2,3,55.0,0.0008,0.014709741676488461
3,3,55.0,0.0008,0.9331001642519656
3,3,55.0,0.0008,0.9331001642519656
0,0,55.000000819563866,0.0008,0.9672328482242786
0,0,55.000000819563866,0.0008,0.9672328482242786
1,0,55.000000819563866,0.0008,0.017445775338071734
2,0,55.000000819563866,0.0008,-0.005470900012714608
3,0,55.000000819563866,0.0008,-0.019083399299715892
0,0,55.000000819563866,0.0008,0.9672328482242786
0,1,55.000000819563866,0.0008,0.014013404264581905
0,1,55.000000819563866,0.0008,0.014013404264581905
1,1,55.000000819563866,0.0008,0.9776906526845441
2,1,55.000000819563866,0.0008,-0.009906627991540434
3,1,55.000000819563866,0.0008,-0.0011136158044743293
0,1,55.000000819563866,0.0008,0.014013404264581905
0,2,55.000000819563866,0.0008,-0.0071194801194608415
0,2,55.000000819563866,0.0008,-0.0071194801194608415
1,2,55.000000819563866,0.0008,-0.016049517604827895
2,2,55.000000819563866,0.0008,0.9590742997182429
3,2,55.000000819563866,0.0008,0.014040732342262982
0,2,55.000000819563866,0.0008,-0.0071194801194608415
0,3,55.000000819563866,0.0008,-0.026017198665375663
0,3,55.000000819563866,0.0008,-0.026017198665375663
1,3,55.000000819563866,0.0008,-0.0018901088084578646
2,3,55.000000819563866,0.0008,0.014709741884735852
3,3,55.000000819563866,0.0008,0.9331001632947493
0,3,55.000000819563866,0.0008,-0.026017198665375663
1,0,55.000000819563866,0.0008,0.017445775338071734
0,0,55.000000819563866,0.0008,0.9672328482242786
1,0,55.000000819563866,0.0008,0.017445775338071734
2,0,55.000000819563866,0.0008,-0.005470900012714608
3,0,55.000000819563866,0.0008,-0.019083399299715892
1,0,55.000000819563866,0.0008,0.017445775338071734
1,1,55.000000819563866,0.0008,0.9776906526845441
0,1,55.000000819563866,0.0008,0.014013404264581905
1,1,55.000000819563866,0.0008,0.9776906526845441
2,1,55.000000819563866,0.0008,-0.009906627991540434
3,1,55.000000819563866,0.0008,-0.0011136158044743293
1,1,55.000000819563866,0.0008,0.9776906526845441
1,2,55.000000819563866,0.0008,-0.016049517604827895
0,2,55.000000819563866,0.0008,-0.0071194801194608415
1,2,55.000000819563866,0.0008,-0.016049517604827895
2,2,55.000000819563866,0.0008,0.9590742997182429
3,2,55.000000819563866,0.0008,0.014040732342262982
1,2,55.000000819563866,0.0008,-0.016049517604827895
1,3,55.000000819563866,0.0008,-0.0018901088084578646
0,3,55.000000819563866,0.0008,-0.026017198665375663
1,3,55.000000819563866,0.0008,-0.0018901088084578646
2,3,55.000000819563866,0.0008,0.014709741884735852
3,3,55.000000819563866,0.0008,0.9331001632947493
1,3,55.000000819563866,0.0008,-0.0018901088084578646
2,0,55.000000819563866,0.0008,-0.005470900012714608
0,0,55.000000819563866,0.0008,0.9672328482242786
1,0,55.000000819563866,0.0008,0.017445775338071734
2,0,55.000000819563866,0.0008,-0.005470900012714608
3,0,55.000000819563866,0.0008,-0.019083399299715892
2,0,55.000000819563866,0.0008,-0.005470900012714608
2,1,55.000000819563866,0.0008,-0.009906627991540434
0,1,55.000000819563866,0.0008,0.014013404264581905
1,1,55.000000819563866,0.0008,0.9776906526845441
2,1,55.000000819563866,0.0008,-0.009906627991540434
3,1,55.000000819563866,0.0008,-0.0011136158044743293
2,1,55.000000819563866,0.0008,-0.009906627991540434
2,2,55.000000819563866,0.0008,0.9590742997182429
0,2,55.000000819563866,0.0008,-0.0071194801194608415
1,2,55.000000819563866,0.0008,-0.016049517604827895
2,2,55.000000819563866,0.0008,0.9590742997182429
3,2,55.000000819563866,0.0008,0.014040732342262982
2,2,55.000000819563866,0.0008,0.9590742997182429
2,3,55.000000819563866,0.0008,0.014709741884735852
0,3,55.000000819563866,0.0008,-0.026017198665375663
1,3,55.000000819563866,0.0008,-0.0018901088084578646
2,3,55.000000819563866,0.0008,0.014709741884735852
3,3,55.000000819563866,0.0008,0.9331001632947493
2,3,55.000000819563866,0.0008,0.014709741884735852
3,0,55.000000819563866,0.0008,-0.019083399299715892
0,0,55.000000819563866,0.0008,0.9672328482242786
1,0,55.000000819563866,0.0008,0.017445775338071734
2,0,55.000000819563866,0.0008,-0.005470900012714608
3,0,55.000000819563866,0.0008,-0.019083399299715892
3,0,55.000000819563866,0.0008,-0.019083399299715892
3,1,55.000000819563866,0.0008,-0.0011136158044743293
0,1,55.000000819563866,0.0008,0.014013404264581905
1,1,55.000000819563866,0.0008,0.9776906526845441
2,1,55.000000819563866,0.0008,-0.009906627991540434
3,1,55.000000819563866,0.0008,-0.0011136158044743293
3,1,55.000000819563866,0.0008,-0.0011136158044743293
3,2,55.000000819563866,0.0008,0.014040732342262982
0,2,55.000000819563866,0.0008,-0.0071194801194608415
1,2,55.000000819563866,0.0008,-0.016049517604827895
2,2,55.000000819563866,0.0008,0.9590742997182429
3,2,55.000000819563866,0.0008,0.014040732342262982
3,2,55.000000819563866,0.0008,0.014040732342262982
3,3,55.000000819563866,0.0008,0.9331001632947493
0,3,55.000000819563866,0.0008,-0.026017198665375663
1,3,55.000000819563866,0.0008,-0.0018901088084578646
2,3,55.000000819563866,0.0008,0.014709741884735852
3,3,55.000000819563866,0.0008,0.9331001632947493
3,3,55.000000819563866,0.0008,0.9331001632947493
0,0,55.000000819563866,0.0008,0.9672328482242786
0,0,55.000000819563866,0.0008,0.9672328482242786
1,0,55.000000819563866,0.0008,0.017445775338071734
2,0,55.000000819563866,0.0008,-0.005470900012714608
3,0,55.000000819563866,0.0008,-0.019083399299715892
0,0,55.000000819563866,0.0008,0.9672328482242786
0,1,55.000000819563866,0.0008,0.014013404264581905
0,1,55.000000819563866,0.0008,0.014013404264581905
1,1,55.000000819563866,0.0008,0.9776906526845441
2,1,55.000000819563866,0.0008,-0.009906627991540434
3,1,55.000000819563866,0.0008,-0.0011136158044743293
0,1,55.000000819563866,0.0008,0.014013404264581905
0,2,55.000000819563866,0.0008,-0.0071194801194608415
0,2,55.000000819563866,0.0008,-0.0071194801194608415
1,2,55.000000819563866,0.0008,-0.016049517604827895
2,2,55.000000819563866,0.0008,0.9590742997182429
3,2,55.000000819563866,0.0008,0.014040732342262982
0,2,55.000000819563866,0.0008,-0.0071194801194608415
0,3,55.000000819563866,0.0008,-0.026017198665375663
0,3,55.000000819563866,0.0008,-0.026017198665375663
1,3,55.000000819563866,0.0008,-0.0018901088084578646
2,3,55.000000819563866,0.0008,0.014709741884735852
3,3,55.000000819563866,0.0008,0.9331001632947493
0,3,55.000000819563866,0.0008,-0.026017198665375663
1,0,55.000000819563866,0.0008,0.017445775338071734
0,0,55.000000819563866,0.0008,0.9672328482242786
1,0,55.000000819563866,0.0008,0.017445775338071734
2,0,55.000000819563866,0.0008,-0.005470900012714608
3,0,55.000000819563866,0.0008,-0.019083399299715892
1,0,55.000000819563866,0.0008,0.017445775338071734
1,1,55.000000819563866,0.0008,0.9776906526845441
0,1,55.000000819563866,0.0008,0.014013404264581905
1,1,55.000000819563866,0.0008,0.9776906526845441
2,1,55.000000819563866,0.0008,-0.009906627991540434
3,1,55.000000819563866,0.0008,-0.0011136158044743293
1,1,55.000000819563866,0.0008,0.9776906526845441
1,2,55.000000819563866,0.0008,-0.016049517604827895
0,2,55.000000819563866,0.0008,-0.0071194801194608415
1,2,55.000000819563866,0.0008,-0.016049517604827895
2,2,55.000000819563866,0.0008,0.9590742997182429
3,2,55.000000819563866,0.0008,0.014040732342262982
1,2,55.000000819563866,0.0008,-0.016049517604827895
1,3,55.000000819563866,0.0008,-0.0018901088084578646
0,3,55.000000819563866,0.0008,-0.026017198665375663
1,3,55.000000819563866,0.0008,-0.0018901088084578646
2,3,55.000000819563866,0.0008,0.014709741884735852
3,3,55.000000819563866,0.0008,0.9331001632947493
1,3,55.000000819563866,0.0008,-0.0018901088084578646
2,0,55.000000819563866,0.0008,-0.005470900012714608
0,0,55.000000819563866,0.0008,0.9672328482242786
1,0,55.000000819563866,0.0008,0.017445775338071734
2,0,55.000000819563866,0.0008,-0.005470900012714608
3,0,55.000000819563866,0.0008,-0.019083399299715892
2,0,55.000000819563866,0.0008,-0.005470900012714608
2,1,55.000000819563866,0.0008,-0.009906627991540434
0,1,55.000000819563866,0.0008,0.014013404264581905
1,1,55.000000819563866,0.0008,0.9776906526845441
2,1,55.000000819563866,0.0008,-0.009906627991540434
3,1,55.000000819563866,0.0008,-0.0011136158044743293
2,1,55.000000819563866,0.0008,-0.009906627991540434
2,2,55.000000819563866,0.0008,0.9590742997182429
0,2,55.000000819563866,0.0008,-0.0071194801194608415
1,2,55.000000819563866,0.0008,-0.016049517604827895
2,2,55.000000819563866,0.0008,0.9590742997182429
3,2,55.000000819563866,0.0008,0.014040732342262982
2,2,55.000000819563866,0.0008,0.9590742997182429
2,3,55.000000819563866,0.0008,0.014709741884735852
0,3,55.000000819563866,0.0008,-0.026017198665375663
1,3,55.000000819563866,0.0008,-0.0018901088084578646
2,3,55.000000819563866,0.0008,0.014709741884735852
3,3,55.000000819563866,0.0008,0.9331001632947493
2,3,55.000000819563866,0.0008,0.014709741884735852
3,0,55.000000819563866,0.0008,-0.019083399299715892
0,0,55.000000819563866,0.0008,0.9672328482242786
1,0,55.000000819563866,0.0008,0.017445775338071734
2,0,55.000000819563866,0.0008,-0.005470900012714608
3,0,55.000000819563866,0.0008,-0.019083399299715892
3,0,55.000000819563866,0.0008,-0.019083399299715892
3,1,55.000000819563866,0.0008,-0.0011136158044743293
0,1,55.000000819563866,0.0008,0.014013404264581905
1,1,55.000000819563866,0.0008,0.9776906526845441
2,1,55.000000819563866,0.0008,-0.009906627991540434
3,1,55.000000819563866,0.0008,-0.0011136158044743293
3,1,55.000000819563866,0.0008,-0.0011136158044743293
3,2,55.000000819563866,0.0008,0.014040732342262982
0,2,55.000000819563866,0.0008,-0.0071194801194608415
1,2,55.000000819563866,0.0008,-0.016049517604827895
2,2,55.000000819563866,0.0008,0.9590742997182429
3,2,55.000000819563866,0.0008,0.014040732342262982
3,2,55.000000819563866,0.0008,0.014040732342262982
3,3,55.000000819563866,0.0008,0.9331001632947493
0,3,55.000000819563866,0.0008,-0.026017198665375663
1,3,55.000000819563866,0.0008,-0.0018901088084578646
2,3,55.000000819563866,0.0008,0.014709741884735852
3,3,55.000000819563866,0.0008,0.9331001632947493
3,3,55.000000819563866,0.0008,0.9331001632947493
